algorithm,n_weapons,n_targets,value,time_sec,iterations,extra,category,instance_id,instance_file
MMR_Original,20,20,213.05670954588982,0.004528399993432686,20,,small_balanced,1,instance_001.json
MMR_Modified,20,20,204.8814220019591,0.008102599997073412,4,improvement_pct=3.8371,small_balanced,1,instance_001.json
GA_Original,20,20,209.6689895234958,5.002302099979715,3558,,small_balanced,1,instance_001.json
GA_Modified,20,20,206.08527225895972,5.004473999986658,2567,improvement_pct=3.2721,small_balanced,1,instance_001.json
MMR_Original,20,20,162.91553709695586,0.0005273999995552003,20,,small_balanced,2,instance_002.json
MMR_Modified,20,20,158.71033853533862,0.001732399978209287,4,improvement_pct=2.5812,small_balanced,2,instance_002.json
GA_Original,20,20,165.71519916657164,5.002304100024048,2886,,small_balanced,2,instance_002.json
GA_Modified,20,20,162.91553709695586,5.002775700006168,2019,improvement_pct=0.0000,small_balanced,2,instance_002.json
MMR_Original,20,20,165.18944188496476,0.000818000000435859,20,,small_balanced,3,instance_003.json
MMR_Modified,20,20,143.97668329217595,0.00624789998983033,6,improvement_pct=12.8415,small_balanced,3,instance_003.json
GA_Original,20,20,155.16515665436324,5.000369599991245,3632,,small_balanced,3,instance_003.json
GA_Modified,20,20,145.17910792621907,5.009995300002629,2128,improvement_pct=12.1136,small_balanced,3,instance_003.json
MMR_Original,20,20,117.09642613100642,0.005513699987204745,20,,small_balanced,4,instance_004.json
MMR_Modified,20,20,117.09642613100642,0.008470800006762147,2,improvement_pct=0.0000,small_balanced,4,instance_004.json
GA_Original,20,20,123.29742326083317,5.001099600020098,5087,,small_balanced,4,instance_004.json
GA_Modified,20,20,117.09642613100642,5.00084429999697,3273,improvement_pct=0.0000,small_balanced,4,instance_004.json
MMR_Original,20,20,174.82098862947086,0.0003634000022429973,20,,small_balanced,5,instance_005.json
MMR_Modified,20,20,158.403499070134,0.0025046999799087644,4,improvement_pct=9.3910,small_balanced,5,instance_005.json
GA_Original,20,20,149.4379232584875,5.002748600003542,3938,,small_balanced,5,instance_005.json
GA_Modified,20,20,170.17509174330968,5.001083100010874,2224,improvement_pct=2.6575,small_balanced,5,instance_005.json
MMR_Original,20,20,111.90920358207411,0.000808700016932562,20,,small_balanced,6,instance_006.json
MMR_Modified,20,20,111.90920358207411,0.004583500005537644,2,improvement_pct=0.0000,small_balanced,6,instance_006.json
GA_Original,20,20,111.35358739372971,5.0020669999939855,3057,,small_balanced,6,instance_006.json
GA_Modified,20,20,110.86233081350055,5.000085499981651,2257,improvement_pct=0.9355,small_balanced,6,instance_006.json
MMR_Original,20,20,189.69221694819785,0.0006442999874707311,20,,small_balanced,7,instance_007.json
MMR_Modified,20,20,187.68015621584152,0.003448000003118068,3,improvement_pct=1.0607,small_balanced,7,instance_007.json
GA_Original,20,20,188.96763187552293,5.001320500014117,3018,,small_balanced,7,instance_007.json
GA_Modified,20,20,189.69221694819785,5.0025893000129145,2131,improvement_pct=0.0000,small_balanced,7,instance_007.json
MMR_Original,20,20,150.74331185517266,0.00034020000020973384,20,,small_balanced,8,instance_008.json
MMR_Modified,20,20,143.50038122989108,0.0019484999938867986,4,improvement_pct=4.8048,small_balanced,8,instance_008.json
GA_Original,20,20,143.84258207617975,5.000626599998213,3214,,small_balanced,8,instance_008.json
GA_Modified,20,20,147.18021875500338,5.0016539999924134,2428,improvement_pct=2.3637,small_balanced,8,instance_008.json
MMR_Original,20,20,123.3454875646299,0.0007944000244606286,20,,small_balanced,9,instance_009.json
MMR_Modified,20,20,122.77524747526388,0.003455700003542006,3,improvement_pct=0.4623,small_balanced,9,instance_009.json
GA_Original,20,20,124.24126182378834,5.000455100002,3268,,small_balanced,9,instance_009.json
GA_Modified,20,20,123.11430291757051,5.000149100000272,2450,improvement_pct=0.1874,small_balanced,9,instance_009.json
MMR_Original,20,20,146.98052925921291,0.00022269997862167656,20,,small_balanced,10,instance_010.json
MMR_Modified,20,20,146.98052925921291,0.0009426000178791583,2,improvement_pct=0.0000,small_balanced,10,instance_010.json
GA_Original,20,20,140.47632701456317,5.000291600008495,3304,,small_balanced,10,instance_010.json
GA_Modified,20,20,141.57833012904905,5.002568199997768,2338,improvement_pct=3.6755,small_balanced,10,instance_010.json
MMR_Original,20,20,190.99506090374842,0.0010791999811772257,20,,small_balanced,11,instance_011.json
MMR_Modified,20,20,190.11656516745145,0.003407600015634671,3,improvement_pct=0.4600,small_balanced,11,instance_011.json
GA_Original,20,20,198.12978221486998,5.000892099982593,3071,,small_balanced,11,instance_011.json
GA_Modified,20,20,190.99506090374842,5.002024300018093,2228,improvement_pct=0.0000,small_balanced,11,instance_011.json
MMR_Original,20,20,234.64664499126482,0.0005548999761231244,20,,small_balanced,12,instance_012.json
MMR_Modified,20,20,233.24161289858645,0.002550900011556223,4,improvement_pct=0.5988,small_balanced,12,instance_012.json
GA_Original,20,20,230.64094552292758,5.000708299980033,3229,,small_balanced,12,instance_012.json
GA_Modified,20,20,230.16600659578276,5.00338940002257,2655,improvement_pct=1.9095,small_balanced,12,instance_012.json
MMR_Original,20,20,206.25302774654966,0.0008090999908745289,20,,small_balanced,13,instance_013.json
MMR_Modified,20,20,199.58002840478903,0.004398699995363131,4,improvement_pct=3.2353,small_balanced,13,instance_013.json
GA_Original,20,20,211.46777345003983,5.001572399982251,3087,,small_balanced,13,instance_013.json
GA_Modified,20,20,199.58002840478903,5.000369200017303,2421,improvement_pct=3.2353,small_balanced,13,instance_013.json
MMR_Original,20,20,189.31990267432752,0.0002886999864131212,20,,small_balanced,14,instance_014.json
MMR_Modified,20,20,187.82496569827424,0.0033607000077608973,4,improvement_pct=0.7896,small_balanced,14,instance_014.json
GA_Original,20,20,186.46938610833146,5.00047599998652,3222,,small_balanced,14,instance_014.json
GA_Modified,20,20,189.31990267432752,5.000085899984697,3605,improvement_pct=0.0000,small_balanced,14,instance_014.json
MMR_Original,20,20,201.60498447151826,0.00020300000323913991,20,,small_balanced,15,instance_015.json
MMR_Modified,20,20,199.04851123904263,0.000826600007712841,3,improvement_pct=1.2681,small_balanced,15,instance_015.json
GA_Original,20,20,201.95369514745406,5.001140500011388,4598,,small_balanced,15,instance_015.json
GA_Modified,20,20,201.60498447151826,5.002176500012865,2330,improvement_pct=0.0000,small_balanced,15,instance_015.json
MMR_Original,20,20,167.74370889554902,0.0007513000164180994,20,,small_balanced,16,instance_016.json
MMR_Modified,20,20,165.10022002235092,0.0030687000253237784,4,improvement_pct=1.5759,small_balanced,16,instance_016.json
GA_Original,20,20,167.7608017024083,5.001363699993817,3172,,small_balanced,16,instance_016.json
GA_Modified,20,20,157.50245121205486,5.003499899990857,2168,improvement_pct=6.1053,small_balanced,16,instance_016.json
MMR_Original,20,20,203.36378848704373,0.0008222000033129007,20,,small_balanced,17,instance_017.json
MMR_Modified,20,20,199.15191440661704,0.0036731000000145286,4,improvement_pct=2.0711,small_balanced,17,instance_017.json
GA_Original,20,20,215.39053759973754,5.0002457999798935,3147,,small_balanced,17,instance_017.json
GA_Modified,20,20,202.2554662846722,5.005862099991646,2216,improvement_pct=0.5450,small_balanced,17,instance_017.json
MMR_Original,20,20,220.59393517456112,0.0009581999911461025,20,,small_balanced,18,instance_018.json
MMR_Modified,20,20,212.73365183414583,0.005682499991962686,4,improvement_pct=3.5632,small_balanced,18,instance_018.json
GA_Original,20,20,206.81818489966028,5.001320500014117,2825,,small_balanced,18,instance_018.json
GA_Modified,20,20,210.2731635546822,5.00093249999918,2440,improvement_pct=4.6786,small_balanced,18,instance_018.json
MMR_Original,20,20,156.4216942429421,0.0004695999959949404,20,,small_balanced,19,instance_019.json
MMR_Modified,20,20,156.13581599666668,0.003336900001158938,3,improvement_pct=0.1828,small_balanced,19,instance_019.json
GA_Original,20,20,146.012780996925,5.002319799998077,3407,,small_balanced,19,instance_019.json
GA_Modified,20,20,156.4216942429421,5.0058410999772605,1226,improvement_pct=0.0000,small_balanced,19,instance_019.json
MMR_Original,20,20,157.9606523734113,0.005549099994823337,20,,small_balanced,20,instance_020.json
MMR_Modified,20,20,157.9606523734113,0.012606000003870577,2,improvement_pct=0.0000,small_balanced,20,instance_020.json
GA_Original,20,20,148.3263568407878,5.000828299991554,3847,,small_balanced,20,instance_020.json
GA_Modified,20,20,157.9606523734113,5.001071100006811,2879,improvement_pct=0.0000,small_balanced,20,instance_020.json
MMR_Original,10,20,587.3558738802758,0.0002696999872568995,10,,small_scarce,1,instance_001.json
MMR_Modified,10,20,587.3558738802758,0.0023856000043451786,2,improvement_pct=0.0000,small_scarce,1,instance_001.json
GA_Original,10,20,575.4972696612995,5.000649699999485,3295,,small_scarce,1,instance_001.json
GA_Modified,10,20,569.5895069801547,5.0006824000156485,1823,improvement_pct=3.0248,small_scarce,1,instance_001.json
MMR_Original,10,20,447.85221637693746,0.00011140000424347818,10,,small_scarce,2,instance_002.json
MMR_Modified,10,20,447.85221637693746,0.0003980000037699938,2,improvement_pct=0.0000,small_scarce,2,instance_002.json
GA_Original,10,20,447.85221637693746,5.000026599998819,7547,,small_scarce,2,instance_002.json
GA_Modified,10,20,447.85221637693746,5.001170500006992,4356,improvement_pct=0.0000,small_scarce,2,instance_002.json
MMR_Original,10,20,554.0771019412281,7.229999755509198e-05,10,,small_scarce,3,instance_003.json
MMR_Modified,10,20,549.7455386839451,0.00047039997298270464,3,improvement_pct=0.7818,small_scarce,3,instance_003.json
GA_Original,10,20,537.2505523264991,5.000748299993575,6512,,small_scarce,3,instance_003.json
GA_Modified,10,20,545.0278684462285,5.0009429000201635,4546,improvement_pct=1.6332,small_scarce,3,instance_003.json
MMR_Original,10,20,465.2860512817791,7.869998808018863e-05,10,,small_scarce,4,instance_004.json
MMR_Modified,10,20,463.68451583596215,0.00038919999497011304,3,improvement_pct=0.3442,small_scarce,4,instance_004.json
GA_Original,10,20,463.76056227549225,5.000344800006133,6868,,small_scarce,4,instance_004.json
GA_Modified,10,20,463.6845158359622,5.000849799980642,4651,improvement_pct=0.3442,small_scarce,4,instance_004.json
MMR_Original,10,20,391.05899751111065,0.00010999999358318746,10,,small_scarce,5,instance_005.json
MMR_Modified,10,20,391.05899751111065,0.0005963000003248453,2,improvement_pct=0.0000,small_scarce,5,instance_005.json
GA_Original,10,20,387.07165138041006,5.000663800019538,6200,,small_scarce,5,instance_005.json
GA_Modified,10,20,387.61077011531756,5.005830400012201,2075,improvement_pct=0.8818,small_scarce,5,instance_005.json
MMR_Original,10,20,480.8799478063001,0.0001309000072069466,10,,small_scarce,6,instance_006.json
MMR_Modified,10,20,474.68388613624074,0.0006834999949205667,3,improvement_pct=1.2885,small_scarce,6,instance_006.json
GA_Original,10,20,474.68388613624074,5.004704199993284,956,,small_scarce,6,instance_006.json
GA_Modified,10,20,480.8799478063001,5.028815400000894,241,improvement_pct=0.0000,small_scarce,6,instance_006.json
MMR_Original,10,20,430.7357327064866,0.000381499994546175,10,,small_scarce,7,instance_007.json
MMR_Modified,10,20,418.98063721791993,0.0013024999934714288,3,improvement_pct=2.7291,small_scarce,7,instance_007.json
GA_Original,10,20,430.34103265146496,5.00112000000081,707,,small_scarce,7,instance_007.json
GA_Modified,10,20,418.98063721792,5.003992199985078,470,improvement_pct=2.7291,small_scarce,7,instance_007.json
MMR_Original,10,20,494.3871108509036,0.0006485000194516033,10,,small_scarce,8,instance_008.json
MMR_Modified,10,20,494.3871108509036,0.0008616999839432538,2,improvement_pct=0.0000,small_scarce,8,instance_008.json
GA_Original,10,20,474.89292343348063,5.003704499977175,1349,,small_scarce,8,instance_008.json
GA_Modified,10,20,481.78508704692365,5.010236000001896,468,improvement_pct=2.5490,small_scarce,8,instance_008.json
MMR_Original,10,20,532.1720544010175,0.00015410000924021006,10,,small_scarce,9,instance_009.json
MMR_Modified,10,20,518.5912621583334,0.038038099999539554,3,improvement_pct=2.5520,small_scarce,9,instance_009.json
GA_Original,10,20,514.4046177532938,5.004500699986238,967,,small_scarce,9,instance_009.json
GA_Modified,10,20,532.1720544010175,5.0088551999942865,648,improvement_pct=0.0000,small_scarce,9,instance_009.json
MMR_Original,10,20,471.73734811064816,0.00018679999629966915,10,,small_scarce,10,instance_010.json
MMR_Modified,10,20,468.60914892881414,0.001049000013154,4,improvement_pct=0.6631,small_scarce,10,instance_010.json
GA_Original,10,20,467.36241716704586,5.000218100001803,607,,small_scarce,10,instance_010.json
GA_Modified,10,20,465.41434376794217,5.005668099998729,252,improvement_pct=1.3404,small_scarce,10,instance_010.json
MMR_Original,10,20,497.35841986486275,0.00011199997970834374,10,,small_scarce,11,instance_011.json
MMR_Modified,10,20,493.3937797854876,0.0007576999778393656,4,improvement_pct=0.7971,small_scarce,11,instance_011.json
GA_Original,10,20,493.3937797854875,5.000463300006231,5604,,small_scarce,11,instance_011.json
GA_Modified,10,20,493.3937797854875,5.0020439000218175,3165,improvement_pct=0.7971,small_scarce,11,instance_011.json
MMR_Original,10,20,420.87350176249987,0.00016090000281110406,10,,small_scarce,12,instance_012.json
MMR_Modified,10,20,420.87350176249987,0.0009512999968137592,2,improvement_pct=0.0000,small_scarce,12,instance_012.json
GA_Original,10,20,421.3273130609222,5.005374700005632,3607,,small_scarce,12,instance_012.json
GA_Modified,10,20,410.8525926001726,5.005195399979129,519,improvement_pct=2.3810,small_scarce,12,instance_012.json
MMR_Original,10,20,401.009885778851,0.00016530000721104443,10,,small_scarce,13,instance_013.json
MMR_Modified,10,20,391.0505946471907,0.002119000011589378,3,improvement_pct=2.4836,small_scarce,13,instance_013.json
GA_Original,10,20,412.1416095758784,5.002922199986642,863,,small_scarce,13,instance_013.json
GA_Modified,10,20,391.05059464719074,5.002828199998476,660,improvement_pct=2.4836,small_scarce,13,instance_013.json
MMR_Original,10,20,551.3546659755182,0.0001574999769218266,10,,small_scarce,14,instance_014.json
MMR_Modified,10,20,551.3546659755182,0.0006740999815519899,2,improvement_pct=0.0000,small_scarce,14,instance_014.json
GA_Original,10,20,530.2755297716535,5.000181800016435,885,,small_scarce,14,instance_014.json
GA_Modified,10,20,550.6479064531973,5.010377200000221,580,improvement_pct=0.1282,small_scarce,14,instance_014.json
MMR_Original,10,20,414.72836005330396,0.00023259999579750001,10,,small_scarce,15,instance_015.json
MMR_Modified,10,20,400.2323557773998,0.0020391000143717974,4,improvement_pct=3.4953,small_scarce,15,instance_015.json
GA_Original,10,20,402.5125185408995,5.000069900008384,845,,small_scarce,15,instance_015.json
GA_Modified,10,20,414.72836005330396,5.000955099996645,621,improvement_pct=0.0000,small_scarce,15,instance_015.json
MMR_Original,10,20,431.4429646460701,0.00010549998842179775,10,,small_scarce,16,instance_016.json
MMR_Modified,10,20,431.4429646460701,0.0007921999786049128,2,improvement_pct=0.0000,small_scarce,16,instance_016.json
GA_Original,10,20,419.5819264600941,5.002391499991063,1096,,small_scarce,16,instance_016.json
GA_Modified,10,20,418.7896809857177,5.001732500008075,561,improvement_pct=2.9328,small_scarce,16,instance_016.json
MMR_Original,10,20,539.7393305512762,0.00012959999730810523,10,,small_scarce,17,instance_017.json
MMR_Modified,10,20,539.7393305512762,0.0007545000116806477,2,improvement_pct=0.0000,small_scarce,17,instance_017.json
GA_Original,10,20,535.2340358894511,5.0049700000090525,896,,small_scarce,17,instance_017.json
GA_Modified,10,20,539.7393305512762,5.0007150000019465,341,improvement_pct=0.0000,small_scarce,17,instance_017.json
MMR_Original,10,20,481.45304967804594,0.0005601000157184899,10,,small_scarce,18,instance_018.json
MMR_Modified,10,20,467.7954208503984,0.0063677999714855105,3,improvement_pct=2.8368,small_scarce,18,instance_018.json
GA_Original,10,20,477.70892819481656,5.003060799994273,913,,small_scarce,18,instance_018.json
GA_Modified,10,20,467.79542085039844,5.001083299983293,403,improvement_pct=2.8368,small_scarce,18,instance_018.json
MMR_Original,10,20,462.3323270605289,0.00013279999257065356,10,,small_scarce,19,instance_019.json
MMR_Modified,10,20,461.57281343788515,0.007550800015451387,3,improvement_pct=0.1643,small_scarce,19,instance_019.json
GA_Original,10,20,445.231880104295,5.000320799998008,669,,small_scarce,19,instance_019.json
GA_Modified,10,20,445.231880104295,5.0031333999941126,451,improvement_pct=3.6987,small_scarce,19,instance_019.json
MMR_Original,10,20,453.1430614829881,0.00028879998717457056,10,,small_scarce,20,instance_020.json
MMR_Modified,10,20,453.1430614829881,0.0012163000064902008,2,improvement_pct=0.0000,small_scarce,20,instance_020.json
GA_Original,10,20,450.62375215668857,5.001799999998184,1136,,small_scarce,20,instance_020.json
GA_Modified,10,20,453.1430614829881,5.02476959998603,586,improvement_pct=0.0000,small_scarce,20,instance_020.json
MMR_Original,30,20,95.52298270771023,0.0012534999987110496,30,,small_rich,1,instance_001.json
MMR_Modified,30,20,92.86584669559916,0.012430200004018843,4,improvement_pct=2.7817,small_rich,1,instance_001.json
GA_Original,30,20,116.05033302991947,5.000452500011306,401,,small_rich,1,instance_001.json
GA_Modified,30,20,95.52298270771023,5.003348600002937,312,improvement_pct=0.0000,small_rich,1,instance_001.json
MMR_Original,30,20,87.10115600138809,0.0012150999973528087,30,,small_rich,2,instance_002.json
MMR_Modified,30,20,87.10115600138809,0.008483100013108924,2,improvement_pct=0.0000,small_rich,2,instance_002.json
GA_Original,30,20,96.72491083508538,5.001258000003872,536,,small_rich,2,instance_002.json
GA_Modified,30,20,87.10115600138809,5.00325320000411,350,improvement_pct=0.0000,small_rich,2,instance_002.json
MMR_Original,30,20,80.82956562742194,0.0010978000063914806,30,,small_rich,3,instance_003.json
MMR_Modified,30,20,80.16619277936113,0.003650200000265613,3,improvement_pct=0.8207,small_rich,3,instance_003.json
GA_Original,30,20,102.2559910917615,5.003545999992639,448,,small_rich,3,instance_003.json
GA_Modified,30,20,79.38379468790022,5.022455999976955,272,improvement_pct=1.7887,small_rich,3,instance_003.json
MMR_Original,30,20,76.33006104313144,0.006145799998193979,30,,small_rich,4,instance_004.json
MMR_Modified,30,20,72.01919995493421,0.009622200013836846,4,improvement_pct=5.6477,small_rich,4,instance_004.json
GA_Original,30,20,85.55693783538437,5.000627500005066,531,,small_rich,4,instance_004.json
GA_Modified,30,20,76.33006104313144,5.008343800000148,322,improvement_pct=0.0000,small_rich,4,instance_004.json
MMR_Original,30,20,66.0084269145148,0.0015777999942656606,30,,small_rich,5,instance_005.json
MMR_Modified,30,20,64.09142971044494,0.005461599997943267,4,improvement_pct=2.9042,small_rich,5,instance_005.json
GA_Original,30,20,82.46606058163718,5.007588000007672,491,,small_rich,5,instance_005.json
GA_Modified,30,20,66.0084269145148,5.000215700012632,306,improvement_pct=0.0000,small_rich,5,instance_005.json
MMR_Original,30,20,82.01060802837301,0.002349100017454475,30,,small_rich,6,instance_006.json
MMR_Modified,30,20,75.50219058264194,0.005558700009714812,4,improvement_pct=7.9361,small_rich,6,instance_006.json
GA_Original,30,20,102.38630788858306,5.012635099992622,606,,small_rich,6,instance_006.json
GA_Modified,30,20,82.01060802837301,5.026794799981872,311,improvement_pct=0.0000,small_rich,6,instance_006.json
MMR_Original,30,20,58.868040742155884,0.004992600006517023,30,,small_rich,7,instance_007.json
MMR_Modified,30,20,57.15149546149289,0.00696500000776723,4,improvement_pct=2.9159,small_rich,7,instance_007.json
GA_Original,30,20,87.00575628549137,5.009715199994389,518,,small_rich,7,instance_007.json
GA_Modified,30,20,58.868040742155884,5.008151000016369,336,improvement_pct=0.0000,small_rich,7,instance_007.json
MMR_Original,30,20,72.11529912053862,0.0013300999999046326,30,,small_rich,8,instance_008.json
MMR_Modified,30,20,71.53201483382625,0.004620499996235594,4,improvement_pct=0.8088,small_rich,8,instance_008.json
GA_Original,30,20,90.73759373137082,5.003069600003073,582,,small_rich,8,instance_008.json
GA_Modified,30,20,72.11529912053862,5.016737999976613,280,improvement_pct=0.0000,small_rich,8,instance_008.json
MMR_Original,30,20,65.41340822257834,0.002635899989400059,30,,small_rich,9,instance_009.json
MMR_Modified,30,20,62.656843485600355,0.013959100004285574,4,improvement_pct=4.2141,small_rich,9,instance_009.json
GA_Original,30,20,74.41058753498164,5.0027072000084445,489,,small_rich,9,instance_009.json
GA_Modified,30,20,64.29160621860075,5.005567399988649,340,improvement_pct=1.7149,small_rich,9,instance_009.json
MMR_Original,30,20,73.21831434446342,0.00404770000022836,30,,small_rich,10,instance_010.json
MMR_Modified,30,20,73.17229440196228,0.01676309999311343,3,improvement_pct=0.0629,small_rich,10,instance_010.json
GA_Original,30,20,82.10985510067282,5.0020908000005875,592,,small_rich,10,instance_010.json
GA_Modified,30,20,70.68670610175785,5.009865800006082,373,improvement_pct=3.4576,small_rich,10,instance_010.json
MMR_Original,30,20,79.74726281710652,0.001282500015804544,30,,small_rich,11,instance_011.json
MMR_Modified,30,20,79.421656703161,0.006355299992719665,3,improvement_pct=0.4083,small_rich,11,instance_011.json
GA_Original,30,20,86.29051329287027,5.0088065000018105,654,,small_rich,11,instance_011.json
GA_Modified,30,20,79.74726281710652,5.001277399976971,472,improvement_pct=0.0000,small_rich,11,instance_011.json
MMR_Original,30,20,67.3258860001139,0.001195499993627891,30,,small_rich,12,instance_012.json
MMR_Modified,30,20,63.82646097061177,0.007691500009968877,4,improvement_pct=5.1977,small_rich,12,instance_012.json
GA_Original,30,20,66.29571951536255,5.002538999979151,823,,small_rich,12,instance_012.json
GA_Modified,30,20,67.3258860001139,5.010878100001719,530,improvement_pct=0.0000,small_rich,12,instance_012.json
MMR_Original,30,20,83.18088935348963,0.0011878999939654022,30,,small_rich,13,instance_013.json
MMR_Modified,30,20,78.86471695588737,0.0070247999974526465,5,improvement_pct=5.1889,small_rich,13,instance_013.json
GA_Original,30,20,95.06283029758451,5.003388800018001,754,,small_rich,13,instance_013.json
GA_Modified,30,20,81.41967019027202,5.000441500014858,486,improvement_pct=2.1173,small_rich,13,instance_013.json
MMR_Original,30,20,59.70002706566096,0.0011571999930310994,30,,small_rich,14,instance_014.json
MMR_Modified,30,20,56.775934366552924,0.009787799994228408,4,improvement_pct=4.8980,small_rich,14,instance_014.json
GA_Original,30,20,65.52224148036719,5.005574999988312,760,,small_rich,14,instance_014.json
GA_Modified,30,20,59.70002706566096,5.018890800012741,286,improvement_pct=0.0000,small_rich,14,instance_014.json
MMR_Original,30,20,78.41171688000836,0.0024529999936930835,30,,small_rich,15,instance_015.json
MMR_Modified,30,20,75.6933316646415,0.018741599982604384,4,improvement_pct=3.4668,small_rich,15,instance_015.json
GA_Original,30,20,98.84721484769254,5.006415999989258,497,,small_rich,15,instance_015.json
GA_Modified,30,20,78.41171688000836,5.007647199992789,178,improvement_pct=0.0000,small_rich,15,instance_015.json
MMR_Original,30,20,68.2770881038922,0.0009929999941959977,30,,small_rich,16,instance_016.json
MMR_Modified,30,20,67.10249109307054,0.013754899991909042,4,improvement_pct=1.7203,small_rich,16,instance_016.json
GA_Original,30,20,81.6869927689932,5.011377799994079,511,,small_rich,16,instance_016.json
GA_Modified,30,20,67.41935626868596,5.002628400019603,398,improvement_pct=1.2563,small_rich,16,instance_016.json
MMR_Original,30,20,67.2885843129758,0.0012083000037819147,30,,small_rich,17,instance_017.json
MMR_Modified,30,20,62.30937597741992,0.0072355000011157244,5,improvement_pct=7.3998,small_rich,17,instance_017.json
GA_Original,30,20,77.18999257918057,5.004185800004052,421,,small_rich,17,instance_017.json
GA_Modified,30,20,64.79969852762785,5.005519100028323,199,improvement_pct=3.6988,small_rich,17,instance_017.json
MMR_Original,30,20,67.70851651770136,0.001062600000295788,30,,small_rich,18,instance_018.json
MMR_Modified,30,20,64.13122891923078,0.006653999997070059,5,improvement_pct=5.2834,small_rich,18,instance_018.json
GA_Original,30,20,86.26972417880673,5.010832300002221,459,,small_rich,18,instance_018.json
GA_Modified,30,20,66.23133555050599,5.001777099998435,474,improvement_pct=2.1817,small_rich,18,instance_018.json
MMR_Original,30,20,77.6333593073834,0.001348999998299405,30,,small_rich,19,instance_019.json
MMR_Modified,30,20,77.6333593073834,0.005121800000779331,2,improvement_pct=0.0000,small_rich,19,instance_019.json
GA_Original,30,20,88.77919345467411,5.001204500003951,2447,,small_rich,19,instance_019.json
GA_Modified,30,20,77.6333593073834,5.003264600003604,1407,improvement_pct=0.0000,small_rich,19,instance_019.json
MMR_Original,30,20,82.52344994251203,0.002140600001439452,30,,small_rich,20,instance_020.json
MMR_Modified,30,20,81.38588966138352,0.003536399977747351,4,improvement_pct=1.3785,small_rich,20,instance_020.json
GA_Original,30,20,90.75012553599974,5.001018400012981,1812,,small_rich,20,instance_020.json
GA_Modified,30,20,81.33750969931813,5.000872799981153,1306,improvement_pct=1.4371,small_rich,20,instance_020.json
MMR_Original,100,100,636.5481997743262,0.05954109999584034,100,,medium_balanced,1,instance_001.json
MMR_Modified,100,100,633.547278705815,0.12507660000119358,4,improvement_pct=0.4714,medium_balanced,1,instance_001.json
GA_Original,100,100,1008.7492910725078,20.001395500003127,672,,medium_balanced,1,instance_001.json
GA_Modified,100,100,636.5481997743262,20.02496790001169,695,improvement_pct=0.0000,medium_balanced,1,instance_001.json
MMR_Original,100,100,607.259035800912,0.10259200001019053,100,,medium_balanced,2,instance_002.json
MMR_Modified,100,100,604.5839242301909,0.13383509998675436,4,improvement_pct=0.4405,medium_balanced,2,instance_002.json
GA_Original,100,100,973.5095492695443,20.02298380000866,774,,medium_balanced,2,instance_002.json
GA_Modified,100,100,607.259035800912,20.013419499999145,686,improvement_pct=0.0000,medium_balanced,2,instance_002.json
MMR_Original,100,100,666.1472354173801,0.10591139999451116,100,,medium_balanced,3,instance_003.json
MMR_Modified,100,100,660.8836707477902,0.13774679999914952,4,improvement_pct=0.7902,medium_balanced,3,instance_003.json
GA_Original,100,100,1072.4214877924194,20.00754869999946,803,,medium_balanced,3,instance_003.json
GA_Modified,100,100,666.1472354173801,20.008403599989833,1716,improvement_pct=0.0000,medium_balanced,3,instance_003.json
MMR_Original,100,100,623.7658286053123,0.04319599998416379,100,,medium_balanced,4,instance_004.json
MMR_Modified,100,100,620.3572335832067,0.06661499998881482,4,improvement_pct=0.5465,medium_balanced,4,instance_004.json
GA_Original,100,100,984.4050677670615,20.00116420001723,1058,,medium_balanced,4,instance_004.json
GA_Modified,100,100,623.7658286053123,20.01298559998395,694,improvement_pct=0.0000,medium_balanced,4,instance_004.json
MMR_Original,100,100,648.4772169073203,0.06876590001047589,100,,medium_balanced,5,instance_005.json
MMR_Modified,100,100,647.4943391487933,0.15655459999106824,4,improvement_pct=0.1516,medium_balanced,5,instance_005.json
GA_Original,100,100,1021.004620020967,20.00925059997826,804,,medium_balanced,5,instance_005.json
GA_Modified,100,100,648.4772169073203,20.005203500011703,759,improvement_pct=0.0000,medium_balanced,5,instance_005.json
MMR_Original,100,100,620.4089663900895,0.06687370000872761,100,,medium_balanced,6,instance_006.json
MMR_Modified,100,100,617.0650025535815,0.11780949999229051,4,improvement_pct=0.5390,medium_balanced,6,instance_006.json
GA_Original,100,100,948.8188555025393,20.00443830000586,608,,medium_balanced,6,instance_006.json
GA_Modified,100,100,620.4089663900895,20.009078300005058,660,improvement_pct=0.0000,medium_balanced,6,instance_006.json
MMR_Original,100,100,605.2272056086069,0.06960049999179319,100,,medium_balanced,7,instance_007.json
MMR_Modified,100,100,599.0656569237069,0.17815030002384447,4,improvement_pct=1.0181,medium_balanced,7,instance_007.json
GA_Original,100,100,940.8739927091091,20.032276300014928,766,,medium_balanced,7,instance_007.json
GA_Modified,100,100,605.2272056086069,20.009385500015924,724,improvement_pct=0.0000,medium_balanced,7,instance_007.json
MMR_Original,100,100,605.4432311694211,0.06935380000504665,100,,medium_balanced,8,instance_008.json
MMR_Modified,100,100,603.0133317257266,0.12955730000976473,5,improvement_pct=0.4013,medium_balanced,8,instance_008.json
GA_Original,100,100,906.9621657201144,20.005869000015082,744,,medium_balanced,8,instance_008.json
GA_Modified,100,100,604.7376472240139,20.005264799983706,693,improvement_pct=0.1165,medium_balanced,8,instance_008.json
MMR_Original,100,100,626.389426940187,0.05905069998698309,100,,medium_balanced,9,instance_009.json
MMR_Modified,100,100,625.4452771459709,0.1339528000098653,4,improvement_pct=0.1507,medium_balanced,9,instance_009.json
GA_Original,100,100,1010.9951197720743,20.01384619998862,785,,medium_balanced,9,instance_009.json
GA_Modified,100,100,626.389426940187,20.0019389000081,733,improvement_pct=0.0000,medium_balanced,9,instance_009.json
MMR_Original,100,100,698.139090146473,0.07968740002252162,100,,medium_balanced,10,instance_010.json
MMR_Modified,100,100,697.5083322871405,0.13364750001346692,4,improvement_pct=0.0903,medium_balanced,10,instance_010.json
GA_Original,100,100,1102.1686848174752,20.00063970001065,801,,medium_balanced,10,instance_010.json
GA_Modified,100,100,698.139090146473,20.024388099991484,724,improvement_pct=0.0000,medium_balanced,10,instance_010.json
MMR_Original,100,100,671.2055278537488,0.07124739998835139,100,,medium_balanced,11,instance_011.json
MMR_Modified,100,100,666.2473160968085,0.14158630001475103,5,improvement_pct=0.7387,medium_balanced,11,instance_011.json
GA_Original,100,100,1109.8490941762466,20.019916899997042,844,,medium_balanced,11,instance_011.json
GA_Modified,100,100,670.531828609199,20.03100540000014,743,improvement_pct=0.1004,medium_balanced,11,instance_011.json
MMR_Original,100,100,635.1734964711077,0.07851140000275336,100,,medium_balanced,12,instance_012.json
MMR_Modified,100,100,632.5399311059242,0.16869329998735338,4,improvement_pct=0.4146,medium_balanced,12,instance_012.json
GA_Original,100,100,992.9508710375162,20.001859400013927,811,,medium_balanced,12,instance_012.json
GA_Modified,100,100,635.1734964711077,20.019957700016676,802,improvement_pct=0.0000,medium_balanced,12,instance_012.json
MMR_Original,100,100,624.4247508069177,0.05978020001202822,100,,medium_balanced,13,instance_013.json
MMR_Modified,100,100,621.7541455322746,0.11738659997354262,4,improvement_pct=0.4277,medium_balanced,13,instance_013.json
GA_Original,100,100,983.7281862165639,20.004190900013782,789,,medium_balanced,13,instance_013.json
GA_Modified,100,100,624.4247508069177,20.010294699983206,768,improvement_pct=0.0000,medium_balanced,13,instance_013.json
MMR_Original,100,100,668.0061415921543,0.060242800012929365,100,,medium_balanced,14,instance_014.json
MMR_Modified,100,100,666.7301946261393,0.144874699995853,4,improvement_pct=0.1910,medium_balanced,14,instance_014.json
GA_Original,100,100,1073.9934167758438,20.016055200016126,797,,medium_balanced,14,instance_014.json
GA_Modified,100,100,668.0061415921543,20.025622000015574,745,improvement_pct=0.0000,medium_balanced,14,instance_014.json
MMR_Original,100,100,710.3624693538516,0.06307010000455193,100,,medium_balanced,15,instance_015.json
MMR_Modified,100,100,708.0297829407759,0.1171572000021115,4,improvement_pct=0.3284,medium_balanced,15,instance_015.json
GA_Original,100,100,1121.910716609904,20.021118899981957,777,,medium_balanced,15,instance_015.json
GA_Modified,100,100,710.3624693538516,20.01502150000306,774,improvement_pct=0.0000,medium_balanced,15,instance_015.json
MMR_Original,100,100,604.8594724839327,0.07378869998501614,100,,medium_balanced,16,instance_016.json
MMR_Modified,100,100,603.2488492508312,0.11677510000299662,4,improvement_pct=0.2663,medium_balanced,16,instance_016.json
GA_Original,100,100,925.473479118937,20.01226739998674,826,,medium_balanced,16,instance_016.json
GA_Modified,100,100,604.8594724839327,20.024283600010676,715,improvement_pct=0.0000,medium_balanced,16,instance_016.json
MMR_Original,100,100,611.3953776820214,0.06442119998973794,100,,medium_balanced,17,instance_017.json
MMR_Modified,100,100,608.6510318693767,0.1266530999855604,4,improvement_pct=0.4489,medium_balanced,17,instance_017.json
GA_Original,100,100,898.3172051631809,20.023534399981145,837,,medium_balanced,17,instance_017.json
GA_Modified,100,100,611.3953776820214,20.00578599999426,752,improvement_pct=0.0000,medium_balanced,17,instance_017.json
MMR_Original,100,100,671.1703792069496,0.07061870000325143,100,,medium_balanced,18,instance_018.json
MMR_Modified,100,100,665.5681283826129,0.11827800000901334,4,improvement_pct=0.8347,medium_balanced,18,instance_018.json
GA_Original,100,100,1002.0503116010244,20.02502800000366,795,,medium_balanced,18,instance_018.json
GA_Modified,100,100,671.1703792069496,20.00974340000539,804,improvement_pct=0.0000,medium_balanced,18,instance_018.json
MMR_Original,100,100,676.4898510676809,0.06655940000200644,100,,medium_balanced,19,instance_019.json
MMR_Modified,100,100,672.6443278984326,0.13589489998412319,4,improvement_pct=0.5685,medium_balanced,19,instance_019.json
GA_Original,100,100,1072.9109942143973,20.022128499986138,773,,medium_balanced,19,instance_019.json
GA_Modified,100,100,676.4898510676809,20.00143889998435,781,improvement_pct=0.0000,medium_balanced,19,instance_019.json
MMR_Original,100,100,682.2611194333174,0.07624910000595264,100,,medium_balanced,20,instance_020.json
MMR_Modified,100,100,679.3869299993738,0.14017579998471774,4,improvement_pct=0.4213,medium_balanced,20,instance_020.json
GA_Original,100,100,1095.2006620991854,20.0034169999999,785,,medium_balanced,20,instance_020.json
GA_Modified,100,100,680.6844150383422,20.00309380001272,753,improvement_pct=0.2311,medium_balanced,20,instance_020.json
MMR_Original,50,100,2593.9597735972916,0.029631199984578416,50,,medium_scarce,1,instance_001.json
MMR_Modified,50,100,2588.0581800526547,0.04624799999874085,4,improvement_pct=0.2275,medium_scarce,1,instance_001.json
GA_Original,50,100,2913.1283788939877,20.00850850000279,1097,,medium_scarce,1,instance_001.json
GA_Modified,50,100,2593.9597735972916,20.01931489998242,922,improvement_pct=0.0000,medium_scarce,1,instance_001.json
MMR_Original,50,100,2176.261199356434,0.019356400007382035,50,,medium_scarce,2,instance_002.json
MMR_Modified,50,100,2169.2715249220378,0.045039899996481836,4,improvement_pct=0.3212,medium_scarce,2,instance_002.json
GA_Original,50,100,2440.7308053133434,20.01223540000501,1170,,medium_scarce,2,instance_002.json
GA_Modified,50,100,2176.261199356434,20.005000899982406,884,improvement_pct=0.0000,medium_scarce,2,instance_002.json
MMR_Original,50,100,1921.884373892519,0.017651000001933426,50,,medium_scarce,3,instance_003.json
MMR_Modified,50,100,1914.8454877503593,0.03771720000077039,4,improvement_pct=0.3662,medium_scarce,3,instance_003.json
GA_Original,50,100,2176.74359459407,20.071054100000765,740,,medium_scarce,3,instance_003.json
GA_Modified,50,100,1921.884373892519,20.02570059997379,448,improvement_pct=0.0000,medium_scarce,3,instance_003.json
MMR_Original,50,100,1912.3938760011083,0.019003800000064075,50,,medium_scarce,4,instance_004.json
MMR_Modified,50,100,1909.338718241835,0.085335900017526,4,improvement_pct=0.1598,medium_scarce,4,instance_004.json
GA_Original,50,100,2175.5593713893845,20.003967199998442,2475,,medium_scarce,4,instance_004.json
GA_Modified,50,100,1912.3938760011083,20.000785999989603,3328,improvement_pct=0.0000,medium_scarce,4,instance_004.json
MMR_Original,50,100,1974.05417495414,0.00492189999204129,50,,medium_scarce,5,instance_005.json
MMR_Modified,50,100,1972.512089889364,0.015199099987512454,4,improvement_pct=0.0781,medium_scarce,5,instance_005.json
GA_Original,50,100,2209.147597712221,20.00638209999306,3931,,medium_scarce,5,instance_005.json
GA_Modified,50,100,1961.35525217104,20.00442889999249,3445,improvement_pct=0.6433,medium_scarce,5,instance_005.json
MMR_Original,50,100,2021.761110431122,0.005697499989764765,50,,medium_scarce,6,instance_006.json
MMR_Modified,50,100,2015.9054173602892,0.013393000001087785,4,improvement_pct=0.2896,medium_scarce,6,instance_006.json
GA_Original,50,100,2209.0113370888453,20.001675500010606,3863,,medium_scarce,6,instance_006.json
GA_Modified,50,100,2021.761110431122,20.000379800010705,3361,improvement_pct=0.0000,medium_scarce,6,instance_006.json
MMR_Original,50,100,2080.1752900134125,0.011848000023746863,50,,medium_scarce,7,instance_007.json
MMR_Modified,50,100,2077.8663458724623,0.022857799980556592,4,improvement_pct=0.1110,medium_scarce,7,instance_007.json
GA_Original,50,100,2275.1032625088164,20.007015000010142,4035,,medium_scarce,7,instance_007.json
GA_Modified,50,100,2073.6935431090064,20.0036734000023,3359,improvement_pct=0.3116,medium_scarce,7,instance_007.json
MMR_Original,50,100,2386.376857837942,0.004719899996416643,50,,medium_scarce,8,instance_008.json
MMR_Modified,50,100,2376.876897922178,0.01477020001038909,4,improvement_pct=0.3981,medium_scarce,8,instance_008.json
GA_Original,50,100,2558.7917352136737,20.002526600001147,3872,,medium_scarce,8,instance_008.json
GA_Modified,50,100,2386.376857837942,20.00064419998671,3250,improvement_pct=0.0000,medium_scarce,8,instance_008.json
MMR_Original,50,100,1802.6104518031016,0.0072296000143978745,50,,medium_scarce,9,instance_009.json
MMR_Modified,50,100,1798.3427983230595,0.014287400001194328,4,improvement_pct=0.2367,medium_scarce,9,instance_009.json
GA_Original,50,100,2134.8693668578576,20.00300180001068,3933,,medium_scarce,9,instance_009.json
GA_Modified,50,100,1802.6104518031016,20.001501899998402,3421,improvement_pct=0.0000,medium_scarce,9,instance_009.json
MMR_Original,50,100,1981.2682964763328,0.008333400008268654,50,,medium_scarce,10,instance_010.json
MMR_Modified,50,100,1969.4789076475904,0.019396599993342534,4,improvement_pct=0.5950,medium_scarce,10,instance_010.json
GA_Original,50,100,2178.2596030641444,20.005209599999944,3941,,medium_scarce,10,instance_010.json
GA_Modified,50,100,1981.2682964763328,20.001182599982712,3324,improvement_pct=0.0000,medium_scarce,10,instance_010.json
MMR_Original,50,100,2209.905315356252,0.004461300006369129,50,,medium_scarce,11,instance_011.json
MMR_Modified,50,100,2208.142509565749,0.013474900013534352,3,improvement_pct=0.0798,medium_scarce,11,instance_011.json
GA_Original,50,100,2517.4390632688414,20.004162400000496,3851,,medium_scarce,11,instance_011.json
GA_Modified,50,100,2209.905315356252,20.006620400003158,3338,improvement_pct=0.0000,medium_scarce,11,instance_011.json
MMR_Original,50,100,2041.7218953946337,0.007638000010047108,50,,medium_scarce,12,instance_012.json
MMR_Modified,50,100,2041.7218953946337,0.020126899995375425,2,improvement_pct=0.0000,medium_scarce,12,instance_012.json
GA_Original,50,100,2299.5706288219094,20.004084399988642,3956,,medium_scarce,12,instance_012.json
GA_Modified,50,100,2040.4593047623414,20.002303300017957,3426,improvement_pct=0.0618,medium_scarce,12,instance_012.json
MMR_Original,50,100,2290.532180378643,0.008353900018846616,50,,medium_scarce,13,instance_013.json
MMR_Modified,50,100,2276.6745520289874,0.024161299981642514,4,improvement_pct=0.6050,medium_scarce,13,instance_013.json
GA_Original,50,100,2537.4236838701404,20.002796600019792,3856,,medium_scarce,13,instance_013.json
GA_Modified,50,100,2290.532180378643,20.003166100010276,3318,improvement_pct=0.0000,medium_scarce,13,instance_013.json
MMR_Original,50,100,2036.8274487018648,0.005507599998963997,50,,medium_scarce,14,instance_014.json
MMR_Modified,50,100,2025.285153739703,0.013804899994283915,4,improvement_pct=0.5667,medium_scarce,14,instance_014.json
GA_Original,50,100,2228.5650778284707,20.005780200008303,3925,,medium_scarce,14,instance_014.json
GA_Modified,50,100,2021.5745102190122,20.003307999984827,3462,improvement_pct=0.7489,medium_scarce,14,instance_014.json
MMR_Original,50,100,2183.9376838496373,0.01450039999326691,50,,medium_scarce,15,instance_015.json
MMR_Modified,50,100,2179.526621636152,0.01902850001351908,4,improvement_pct=0.2020,medium_scarce,15,instance_015.json
GA_Original,50,100,2385.9757727404603,20.002254100021673,3886,,medium_scarce,15,instance_015.json
GA_Modified,50,100,2183.9376838496373,20.001517700002296,3325,improvement_pct=0.0000,medium_scarce,15,instance_015.json
MMR_Original,50,100,2094.5152513868684,0.005469800002174452,50,,medium_scarce,16,instance_016.json
MMR_Modified,50,100,2079.4903881967575,0.01333449999219738,4,improvement_pct=0.7173,medium_scarce,16,instance_016.json
GA_Original,50,100,2289.0304889244767,20.00024549997761,3893,,medium_scarce,16,instance_016.json
GA_Modified,50,100,2094.5152513868684,20.00147720001405,3475,improvement_pct=0.0000,medium_scarce,16,instance_016.json
MMR_Original,50,100,1891.1532043871475,0.006816000008257106,50,,medium_scarce,17,instance_017.json
MMR_Modified,50,100,1887.2543590589892,0.018169499991927296,4,improvement_pct=0.2062,medium_scarce,17,instance_017.json
GA_Original,50,100,2069.9242791620472,20.00216000000364,3927,,medium_scarce,17,instance_017.json
GA_Modified,50,100,1891.1532043871475,20.003363499999978,3297,improvement_pct=0.0000,medium_scarce,17,instance_017.json
MMR_Original,50,100,2103.877698419028,0.004843500006245449,50,,medium_scarce,18,instance_018.json
MMR_Modified,50,100,2091.0318768897914,0.013323899998795241,3,improvement_pct=0.6106,medium_scarce,18,instance_018.json
GA_Original,50,100,2275.6126983219697,20.003393599996343,3847,,medium_scarce,18,instance_018.json
GA_Modified,50,100,2103.877698419028,20.003157500003,3327,improvement_pct=0.0000,medium_scarce,18,instance_018.json
MMR_Original,50,100,1926.5958677038107,0.004637999983970076,50,,medium_scarce,19,instance_019.json
MMR_Modified,50,100,1926.5958677038107,0.014677200000733137,2,improvement_pct=0.0000,medium_scarce,19,instance_019.json
GA_Original,50,100,2148.0708753078366,20.00132979999762,3917,,medium_scarce,19,instance_019.json
GA_Modified,50,100,1914.9238097470693,20.00054859998636,3394,improvement_pct=0.6058,medium_scarce,19,instance_019.json
MMR_Original,50,100,2074.1868826555515,0.015099799988092855,50,,medium_scarce,20,instance_020.json
MMR_Modified,50,100,2070.301888355231,0.022848199994768947,4,improvement_pct=0.1873,medium_scarce,20,instance_020.json
GA_Original,50,100,2337.101140256949,20.002242099988507,3934,,medium_scarce,20,instance_020.json
GA_Modified,50,100,2072.963086248255,20.00157749999198,3293,improvement_pct=0.0590,medium_scarce,20,instance_020.json
MMR_Original,150,100,249.74160610588916,0.04214170001796447,150,,medium_rich,1,instance_001.json
MMR_Modified,150,100,249.155152965884,0.10075300000607967,4,improvement_pct=0.2348,medium_rich,1,instance_001.json
GA_Original,150,100,497.8042356371266,60.01699560001725,1315,,medium_rich,1,instance_001.json
GA_Modified,150,100,249.74160610588916,60.03009680000832,926,improvement_pct=0.0000,medium_rich,1,instance_001.json
MMR_Original,150,100,253.49567587915143,0.13678699999582022,150,,medium_rich,2,instance_002.json
MMR_Modified,150,100,252.27582360960224,0.32894400000805035,5,improvement_pct=0.4812,medium_rich,2,instance_002.json
GA_Original,150,100,478.12190102011186,60.06088509998517,937,,medium_rich,2,instance_002.json
GA_Modified,150,100,252.66839414797732,60.02062019999721,935,improvement_pct=0.3263,medium_rich,2,instance_002.json
MMR_Original,150,100,236.83938048876686,0.13517759999376722,150,,medium_rich,3,instance_003.json
MMR_Modified,150,100,235.8405200802666,0.28673670001444407,4,improvement_pct=0.4217,medium_rich,3,instance_003.json
GA_Original,150,100,421.77840298829346,60.03509320001467,934,,medium_rich,3,instance_003.json
GA_Modified,150,100,236.83938048876686,60.03913160000229,948,improvement_pct=0.0000,medium_rich,3,instance_003.json
MMR_Original,150,100,234.0230076627791,0.1408811000001151,150,,medium_rich,4,instance_004.json
MMR_Modified,150,100,233.005634634428,0.39078210000297986,5,improvement_pct=0.4347,medium_rich,4,instance_004.json
GA_Original,150,100,452.39318209543416,60.05284059999394,928,,medium_rich,4,instance_004.json
GA_Modified,150,100,233.77959802921004,60.02343919998384,931,improvement_pct=0.1040,medium_rich,4,instance_004.json
MMR_Original,150,100,267.6932788641127,0.13545510001131333,150,,medium_rich,5,instance_005.json
MMR_Modified,150,100,266.0946724688002,0.30187949998071417,4,improvement_pct=0.5972,medium_rich,5,instance_005.json
GA_Original,150,100,538.6334850847069,60.001422700006515,931,,medium_rich,5,instance_005.json
GA_Modified,150,100,267.6932788641127,60.00158899999224,927,improvement_pct=0.0000,medium_rich,5,instance_005.json
MMR_Original,150,100,247.69428228043176,0.1410217999946326,150,,medium_rich,6,instance_006.json
MMR_Modified,150,100,246.96065596539952,0.2665936000121292,4,improvement_pct=0.2962,medium_rich,6,instance_006.json
GA_Original,150,100,422.70037326262434,60.039331800013315,924,,medium_rich,6,instance_006.json
GA_Modified,150,100,247.69428228043176,60.020482699997956,938,improvement_pct=0.0000,medium_rich,6,instance_006.json
MMR_Original,150,100,260.0629609563299,0.14435230000526644,150,,medium_rich,7,instance_007.json
MMR_Modified,150,100,258.9756397971287,0.30652469999040477,4,improvement_pct=0.4181,medium_rich,7,instance_007.json
GA_Original,150,100,505.2567040547824,60.04539799998747,937,,medium_rich,7,instance_007.json
GA_Modified,150,100,260.0629609563299,60.01054349998594,944,improvement_pct=0.0000,medium_rich,7,instance_007.json
MMR_Original,150,100,259.1069392052964,0.1396410999877844,150,,medium_rich,8,instance_008.json
MMR_Modified,150,100,258.46634967583907,0.3129512000014074,4,improvement_pct=0.2472,medium_rich,8,instance_008.json
GA_Original,150,100,466.3462424489649,60.03014520002762,936,,medium_rich,8,instance_008.json
GA_Modified,150,100,259.1069392052964,60.00639819999924,946,improvement_pct=0.0000,medium_rich,8,instance_008.json
MMR_Original,150,100,234.44244258206317,0.16248870000708848,150,,medium_rich,9,instance_009.json
MMR_Modified,150,100,233.1087188907757,0.34338810000917874,4,improvement_pct=0.5689,medium_rich,9,instance_009.json
GA_Original,150,100,459.01910315582205,60.05198289998225,927,,medium_rich,9,instance_009.json
GA_Modified,150,100,234.44244258206317,60.029876199987484,949,improvement_pct=0.0000,medium_rich,9,instance_009.json
MMR_Original,150,100,263.2946725293617,0.14210380002623424,150,,medium_rich,10,instance_010.json
MMR_Modified,150,100,261.14187934425416,0.3485262999893166,5,improvement_pct=0.8176,medium_rich,10,instance_010.json
GA_Original,150,100,455.3037464958122,60.04195849999087,920,,medium_rich,10,instance_010.json
GA_Modified,150,100,263.15624911319037,60.03046300000278,954,improvement_pct=0.0526,medium_rich,10,instance_010.json
MMR_Original,150,100,259.55397233309014,0.13989039999432862,150,,medium_rich,11,instance_011.json
MMR_Modified,150,100,258.73381307354083,0.31297369999811053,4,improvement_pct=0.3160,medium_rich,11,instance_011.json
GA_Original,150,100,504.59996610414595,60.05213900000672,872,,medium_rich,11,instance_011.json
GA_Modified,150,100,259.05129299298915,60.0347974000033,889,improvement_pct=0.1937,medium_rich,11,instance_011.json
MMR_Original,150,100,252.30701632979964,0.1465228000015486,150,,medium_rich,12,instance_012.json
MMR_Modified,150,100,251.3441808788844,0.29581929999403656,4,improvement_pct=0.3816,medium_rich,12,instance_012.json
GA_Original,150,100,483.8749679346079,273.6549382999947,602,,medium_rich,12,instance_012.json
GA_Modified,150,100,252.30701632979964,60.01174789998913,3275,improvement_pct=0.0000,medium_rich,12,instance_012.json
MMR_Original,150,100,221.6041562223004,0.06362580001587048,150,,medium_rich,13,instance_013.json
MMR_Modified,150,100,221.2065546069628,0.14233459997922182,4,improvement_pct=0.1794,medium_rich,13,instance_013.json
GA_Original,150,100,367.25284220639674,60.000787500001024,3570,,medium_rich,13,instance_013.json
GA_Modified,150,100,221.6041562223004,60.01385149999987,3820,improvement_pct=0.0000,medium_rich,13,instance_013.json
MMR_Original,150,100,213.8445516392554,0.06337870002607815,150,,medium_rich,14,instance_014.json
MMR_Modified,150,100,213.19230349178858,0.1555967999738641,4,improvement_pct=0.3050,medium_rich,14,instance_014.json
GA_Original,150,100,383.78389639822194,60.00213789998088,3583,,medium_rich,14,instance_014.json
GA_Modified,150,100,213.60258441125603,60.00755440001376,3824,improvement_pct=0.1132,medium_rich,14,instance_014.json
MMR_Original,150,100,249.3751265099723,0.06436229997780174,150,,medium_rich,15,instance_015.json
MMR_Modified,150,100,248.51619058682405,0.13496859997394495,4,improvement_pct=0.3444,medium_rich,15,instance_015.json
GA_Original,150,100,411.1806934050244,60.020496199984336,3618,,medium_rich,15,instance_015.json
GA_Modified,150,100,249.3751265099723,60.01310569999623,3787,improvement_pct=0.0000,medium_rich,15,instance_015.json
MMR_Original,150,100,234.87315402583968,0.04246759999659844,150,,medium_rich,16,instance_016.json
MMR_Modified,150,100,233.63603111886974,0.09675279998918995,5,improvement_pct=0.5267,medium_rich,16,instance_016.json
GA_Original,150,100,393.41576006838767,60.015125999983866,3616,,medium_rich,16,instance_016.json
GA_Modified,150,100,234.10602573660847,60.006014099984895,3779,improvement_pct=0.3266,medium_rich,16,instance_016.json
MMR_Original,150,100,262.6047913976138,0.04109990000142716,150,,medium_rich,17,instance_017.json
MMR_Modified,150,100,261.6950133903183,0.09696279998752289,5,improvement_pct=0.3464,medium_rich,17,instance_017.json
GA_Original,150,100,460.4736754581412,60.01770409999881,3603,,medium_rich,17,instance_017.json
GA_Modified,150,100,262.1330791913684,60.0006035999977,3773,improvement_pct=0.1796,medium_rich,17,instance_017.json
MMR_Original,150,100,226.4900327171148,0.04164100001798943,150,,medium_rich,18,instance_018.json
MMR_Modified,150,100,225.748514522477,0.09082559999660589,4,improvement_pct=0.3274,medium_rich,18,instance_018.json
GA_Original,150,100,385.25884960269167,60.009100299997954,3609,,medium_rich,18,instance_018.json
GA_Modified,150,100,226.4900327171148,60.00711949999095,3762,improvement_pct=0.0000,medium_rich,18,instance_018.json
MMR_Original,150,100,219.79410421498923,0.042451499990420416,150,,medium_rich,19,instance_019.json
MMR_Modified,150,100,219.39043893801164,0.0960369999811519,4,improvement_pct=0.1837,medium_rich,19,instance_019.json
GA_Original,150,100,384.7404081350513,60.00136300001759,3615,,medium_rich,19,instance_019.json
GA_Modified,150,100,219.22744294900903,60.01170760000241,3790,improvement_pct=0.2578,medium_rich,19,instance_019.json
MMR_Original,150,100,222.69142856087294,0.04755090002436191,150,,medium_rich,20,instance_020.json
MMR_Modified,150,100,222.15954736121776,0.13368450000416487,4,improvement_pct=0.2388,medium_rich,20,instance_020.json
GA_Original,150,100,388.46958065665234,60.00684089999413,3556,,medium_rich,20,instance_020.json
GA_Modified,150,100,222.69142856087294,60.00622809998458,3801,improvement_pct=0.0000,medium_rich,20,instance_020.json
MMR_Original,250,250,1448.7257422542539,0.2773970999987796,250,,large_balanced,1,instance_001.json
MMR_Modified,250,250,1446.7894676711906,0.6617887000029441,5,improvement_pct=0.1337,large_balanced,1,instance_001.json
GA_Original,250,250,2405.8985881265357,60.03493809999782,1337,,large_balanced,1,instance_001.json
GA_Modified,250,250,1448.2544540097067,60.019186899997294,1483,improvement_pct=0.0325,large_balanced,1,instance_001.json
MMR_Original,250,250,1478.8052674858748,0.27837539999745786,250,,large_balanced,2,instance_002.json
MMR_Modified,250,250,1476.2546895122446,0.5704989999940153,4,improvement_pct=0.1725,large_balanced,2,instance_002.json
GA_Original,250,250,2348.1641322755977,60.0362208999868,1328,,large_balanced,2,instance_002.json
GA_Modified,250,250,1478.8052674858748,624.4204480999906,75,improvement_pct=0.0000,large_balanced,2,instance_002.json
MMR_Original,250,250,1531.2980034783611,0.8199052000127267,250,,large_balanced,3,instance_003.json
MMR_Modified,250,250,1527.3401535659775,1.3519442999968305,4,improvement_pct=0.2585,large_balanced,3,instance_003.json
GA_Original,250,250,2629.4530461448617,60.03637760001584,1179,,large_balanced,3,instance_003.json
GA_Modified,250,250,1531.2980034783611,60.178759800008265,814,improvement_pct=0.0000,large_balanced,3,instance_003.json
MMR_Original,250,250,1491.0062834387236,1.1219731000019237,250,,large_balanced,4,instance_004.json
MMR_Modified,250,250,1486.907313822617,2.1588864999939688,4,improvement_pct=0.2749,large_balanced,4,instance_004.json
GA_Original,250,250,2470.3721639186465,60.00742650000029,887,,large_balanced,4,instance_004.json
GA_Modified,250,250,1491.0062834387236,60.00863389999722,1462,improvement_pct=0.0000,large_balanced,4,instance_004.json
MMR_Original,250,250,1471.0958478912032,0.41789429998607375,250,,large_balanced,5,instance_005.json
MMR_Modified,250,250,1470.0441261651858,0.7701561000139918,4,improvement_pct=0.0715,large_balanced,5,instance_005.json
GA_Original,250,250,2414.5381401798245,60.02029479999328,1354,,large_balanced,5,instance_005.json
GA_Modified,250,250,1471.0958478912032,60.03725199998007,1465,improvement_pct=0.0000,large_balanced,5,instance_005.json
MMR_Original,250,250,1499.6318461735123,0.41866520000621676,250,,large_balanced,6,instance_006.json
MMR_Modified,250,250,1498.9922830584649,0.8701780999836046,4,improvement_pct=0.0426,large_balanced,6,instance_006.json
GA_Original,250,250,2535.606351883935,60.006099299993366,1350,,large_balanced,6,instance_006.json
GA_Modified,250,250,1499.6318461735123,60.041360600007465,1456,improvement_pct=0.0000,large_balanced,6,instance_006.json
MMR_Original,250,250,1425.9699855414278,0.3056569999898784,250,,large_balanced,7,instance_007.json
MMR_Modified,250,250,1425.0355978880998,0.6488899999822024,5,improvement_pct=0.0655,large_balanced,7,instance_007.json
GA_Original,250,250,2335.2940108909024,60.0540160999808,1343,,large_balanced,7,instance_007.json
GA_Modified,250,250,1425.7974167371585,60.028281600010814,1465,improvement_pct=0.0121,large_balanced,7,instance_007.json
MMR_Original,250,250,1449.2810326175022,0.28471010000794195,250,,large_balanced,8,instance_008.json
MMR_Modified,250,250,1447.0714685567382,0.5617548000009265,4,improvement_pct=0.1525,large_balanced,8,instance_008.json
GA_Original,250,250,2387.853522564773,60.02597849999438,1339,,large_balanced,8,instance_008.json
GA_Modified,250,250,1449.2810326175022,60.02192699999432,1473,improvement_pct=0.0000,large_balanced,8,instance_008.json
MMR_Original,250,250,1507.991625237491,0.283472500013886,250,,large_balanced,9,instance_009.json
MMR_Modified,250,250,1505.5601412233298,0.5678125999984331,4,improvement_pct=0.1612,large_balanced,9,instance_009.json
GA_Original,250,250,2658.4394629439175,60.015192499995464,1326,,large_balanced,9,instance_009.json
GA_Modified,250,250,1507.991625237491,60.01823779998813,1488,improvement_pct=0.0000,large_balanced,9,instance_009.json
MMR_Original,250,250,1501.9511724343888,0.2819889000093099,250,,large_balanced,10,instance_010.json
MMR_Modified,250,250,1500.5286882264086,0.6431830999790691,4,improvement_pct=0.0947,large_balanced,10,instance_010.json
GA_Original,250,250,2526.8068583162944,60.01605869998457,1321,,large_balanced,10,instance_010.json
GA_Modified,250,250,1501.9511724343888,60.02731330000097,1476,improvement_pct=0.0000,large_balanced,10,instance_010.json
MMR_Original,250,250,1498.1466109463136,0.42596120000234805,250,,large_balanced,11,instance_011.json
MMR_Modified,250,250,1497.8326516138436,0.9158016000001226,3,improvement_pct=0.0210,large_balanced,11,instance_011.json
GA_Original,250,250,2476.9212480242377,60.03619020001497,1354,,large_balanced,11,instance_011.json
GA_Modified,250,250,1498.1466109463136,60.01087440000265,1451,improvement_pct=0.0000,large_balanced,11,instance_011.json
MMR_Original,250,250,1489.4605490158187,0.2795132999890484,250,,large_balanced,12,instance_012.json
MMR_Modified,250,250,1485.010212274946,0.6334480000077747,6,improvement_pct=0.2988,large_balanced,12,instance_012.json
GA_Original,250,250,2459.9452825894455,60.010099500010256,1345,,large_balanced,12,instance_012.json
GA_Modified,250,250,1487.7940096498914,60.01477540002088,1471,improvement_pct=0.1119,large_balanced,12,instance_012.json
MMR_Original,250,250,1492.0039688145082,0.2818851000047289,250,,large_balanced,13,instance_013.json
MMR_Modified,250,250,1491.4010979991158,0.6078164999780711,5,improvement_pct=0.0404,large_balanced,13,instance_013.json
GA_Original,250,250,2368.325013899374,60.0126036000147,1324,,large_balanced,13,instance_013.json
GA_Modified,250,250,1491.9268074321997,60.018971100013005,1488,improvement_pct=0.0052,large_balanced,13,instance_013.json
MMR_Original,250,250,1388.3755413988567,0.28089610001188703,250,,large_balanced,14,instance_014.json
MMR_Modified,250,250,1386.786615575856,0.9729071999900043,6,improvement_pct=0.1144,large_balanced,14,instance_014.json
GA_Original,250,250,2523.2549455958365,119.76389070000732,486,,large_balanced,14,instance_014.json
GA_Modified,250,250,1388.0543647197653,60.02623059999314,899,improvement_pct=0.0231,large_balanced,14,instance_014.json
MMR_Original,250,250,1495.8707976603698,0.4822019999846816,250,,large_balanced,15,instance_015.json
MMR_Modified,250,250,1495.1621226477967,1.0197297999984585,4,improvement_pct=0.0474,large_balanced,15,instance_015.json
GA_Original,250,250,2509.0161600736697,60.02888490000623,875,,large_balanced,15,instance_015.json
GA_Modified,250,250,1495.8707976603698,60.024213800003054,946,improvement_pct=0.0000,large_balanced,15,instance_015.json
MMR_Original,250,250,1487.4286396046846,0.4839274999976624,250,,large_balanced,16,instance_016.json
MMR_Modified,250,250,1486.9423282924813,0.9976303000003099,4,improvement_pct=0.0327,large_balanced,16,instance_016.json
GA_Original,250,250,2647.382077836779,60.03643489998649,862,,large_balanced,16,instance_016.json
GA_Modified,250,250,1487.4286396046846,60.082744799990905,491,improvement_pct=0.0000,large_balanced,16,instance_016.json
MMR_Original,250,250,1468.8006230634717,1.0487942000036128,250,,large_balanced,17,instance_017.json
MMR_Modified,250,250,1467.1178464825475,2.3761939000105485,5,improvement_pct=0.1146,large_balanced,17,instance_017.json
GA_Original,250,250,2714.738993465205,60.00573289999738,403,,large_balanced,17,instance_017.json
GA_Modified,250,250,1468.8006230634717,60.00083999999333,420,improvement_pct=0.0000,large_balanced,17,instance_017.json
MMR_Original,250,250,1414.4912528188318,0.9919792000146117,250,,large_balanced,18,instance_018.json
MMR_Modified,250,250,1411.5801110148655,2.2808006999839563,5,improvement_pct=0.2058,large_balanced,18,instance_018.json
GA_Original,250,250,2391.4682691247094,60.027622900001006,395,,large_balanced,18,instance_018.json
GA_Modified,250,250,1414.4912528188318,60.06568169998354,428,improvement_pct=0.0000,large_balanced,18,instance_018.json
MMR_Original,250,250,1503.8827132397394,1.0215309000050183,250,,large_balanced,19,instance_019.json
MMR_Modified,250,250,1500.8477924073713,2.201591399993049,5,improvement_pct=0.2018,large_balanced,19,instance_019.json
GA_Original,250,250,2715.8310033491784,60.136752499995055,400,,large_balanced,19,instance_019.json
GA_Modified,250,250,1503.8827132397394,1122.2112084999972,74,improvement_pct=0.0000,large_balanced,19,instance_019.json
MMR_Original,250,250,1448.0660348824356,1.2016646999982186,250,,large_balanced,20,instance_020.json
MMR_Modified,250,250,1445.5584062778448,2.4832591000013053,5,improvement_pct=0.1732,large_balanced,20,instance_020.json
GA_Original,250,250,7273.656373568421,4034.4629255000036,3,,large_balanced,20,instance_020.json
GA_Modified,250,250,1446.930617205144,60.00037870000233,732,improvement_pct=0.0784,large_balanced,20,instance_020.json
MMR_Original,125,250,5265.745695547129,0.12503369999467395,125,,large_scarce,1,instance_001.json
MMR_Modified,125,250,5257.981301903255,0.2662698999920394,4,improvement_pct=0.1475,large_scarce,1,instance_001.json
GA_Original,125,250,6029.893840633888,60.00938890001271,1530,,large_scarce,1,instance_001.json
GA_Modified,125,250,5258.881777816233,60.039563800004544,1474,improvement_pct=0.1304,large_scarce,1,instance_001.json
MMR_Original,125,250,5110.91137760377,0.12318550000782125,125,,large_scarce,2,instance_002.json
MMR_Modified,125,250,5105.000022238625,0.26133670000126585,4,improvement_pct=0.1157,large_scarce,2,instance_002.json
GA_Original,125,250,5935.19195059958,60.03355079999892,1444,,large_scarce,2,instance_002.json
GA_Modified,125,250,5110.91137760377,60.0335969000007,1151,improvement_pct=0.0000,large_scarce,2,instance_002.json
MMR_Original,125,250,5049.75152618084,0.28560899998410605,125,,large_scarce,3,instance_003.json
MMR_Modified,125,250,5041.251962442224,0.5704878999968059,4,improvement_pct=0.1683,large_scarce,3,instance_003.json
GA_Original,125,250,5962.740618543802,60.01337030000286,684,,large_scarce,3,instance_003.json
GA_Modified,125,250,5049.75152618084,60.015580700011924,648,improvement_pct=0.0000,large_scarce,3,instance_003.json
MMR_Original,125,250,5027.768724301652,0.24330399997415952,125,,large_scarce,4,instance_004.json
MMR_Modified,125,250,5025.240896141505,0.6018637000233866,4,improvement_pct=0.0503,large_scarce,4,instance_004.json
GA_Original,125,250,5973.614568934024,60.005280000012135,682,,large_scarce,4,instance_004.json
GA_Modified,125,250,5027.768724301652,60.055514200008474,653,improvement_pct=0.0000,large_scarce,4,instance_004.json
MMR_Original,125,250,5744.883879836895,0.24879169999621809,125,,large_scarce,5,instance_005.json
MMR_Modified,125,250,5735.330260175054,0.5979548000032082,4,improvement_pct=0.1663,large_scarce,5,instance_005.json
GA_Original,125,250,6494.41338023044,60.04992759999004,688,,large_scarce,5,instance_005.json
GA_Modified,125,250,5744.883879836895,1469.3931174000027,445,improvement_pct=0.0000,large_scarce,5,instance_005.json
MMR_Original,125,250,5474.681050039236,0.36756149999564514,125,,large_scarce,6,instance_006.json
MMR_Modified,125,250,5466.167654856913,0.6645366000011563,4,improvement_pct=0.1555,large_scarce,6,instance_006.json
GA_Original,125,250,8366.560254264592,9560.781267299986,30,,large_scarce,6,instance_006.json
GA_Modified,125,250,5474.681050039236,60.02657580000232,1381,improvement_pct=0.0000,large_scarce,6,instance_006.json
MMR_Original,125,250,5063.398003050846,0.11384340000222437,125,,large_scarce,7,instance_007.json
MMR_Modified,125,250,5059.185879280391,0.24463190001551993,4,improvement_pct=0.0832,large_scarce,7,instance_007.json
GA_Original,125,250,5855.624001196235,60.04987839999376,1068,,large_scarce,7,instance_007.json
GA_Modified,125,250,5063.398003050846,60.02334929999779,1794,improvement_pct=0.0000,large_scarce,7,instance_007.json
MMR_Original,125,250,5118.332846471128,0.09004969999659806,125,,large_scarce,8,instance_008.json
MMR_Modified,125,250,5113.256829193871,0.1906081999768503,4,improvement_pct=0.0992,large_scarce,8,instance_008.json
GA_Original,125,250,5842.639762302827,60.02403480000794,2244,,large_scarce,8,instance_008.json
GA_Modified,125,250,5118.332846471128,60.01227370000561,2217,improvement_pct=0.0000,large_scarce,8,instance_008.json
MMR_Original,125,250,5441.611734817258,0.09033710000221618,125,,large_scarce,9,instance_009.json
MMR_Modified,125,250,5435.0278646651095,0.18931050001992844,4,improvement_pct=0.1210,large_scarce,9,instance_009.json
GA_Original,125,250,6152.653370353651,60.00302790000569,2247,,large_scarce,9,instance_009.json
GA_Modified,125,250,5441.611734817258,60.017446699988795,2218,improvement_pct=0.0000,large_scarce,9,instance_009.json
MMR_Original,125,250,4826.735446450751,0.08987660001730546,125,,large_scarce,10,instance_010.json
MMR_Modified,125,250,4822.702524191658,0.18332069998723455,4,improvement_pct=0.0836,large_scarce,10,instance_010.json
GA_Original,125,250,5467.752852863257,60.01969209997333,2238,,large_scarce,10,instance_010.json
GA_Modified,125,250,4826.735446450751,60.02082299999893,2229,improvement_pct=0.0000,large_scarce,10,instance_010.json
MMR_Original,125,250,4947.953400705853,0.0999541999772191,125,,large_scarce,11,instance_011.json
MMR_Modified,125,250,4941.99428086189,0.18903270000009798,4,improvement_pct=0.1204,large_scarce,11,instance_011.json
GA_Original,125,250,5632.649758084272,60.01277210001717,2246,,large_scarce,11,instance_011.json
GA_Modified,125,250,4947.953400705853,60.02247319999151,2224,improvement_pct=0.0000,large_scarce,11,instance_011.json
MMR_Original,125,250,5214.4092137733505,0.0903272999858018,125,,large_scarce,12,instance_012.json
MMR_Modified,125,250,5207.641578795602,0.18677599998773076,4,improvement_pct=0.1298,large_scarce,12,instance_012.json
GA_Original,125,250,5953.28122333378,60.01010659997701,2225,,large_scarce,12,instance_012.json
GA_Modified,125,250,5214.4092137733505,60.01912810001522,2220,improvement_pct=0.0000,large_scarce,12,instance_012.json
MMR_Original,125,250,4779.884793849194,0.08835589999216609,125,,large_scarce,13,instance_013.json
MMR_Modified,125,250,4777.737785553155,0.19512570000370033,4,improvement_pct=0.0449,large_scarce,13,instance_013.json
GA_Original,125,250,5539.272192230329,60.0134415999928,2251,,large_scarce,13,instance_013.json
GA_Modified,125,250,4779.884793849194,60.023608499992406,2225,improvement_pct=0.0000,large_scarce,13,instance_013.json
MMR_Original,125,250,5293.477549277136,0.08964749998995103,125,,large_scarce,14,instance_014.json
MMR_Modified,125,250,5289.833223339496,0.18767069999012165,4,improvement_pct=0.0688,large_scarce,14,instance_014.json
GA_Original,125,250,6007.830423909301,60.00698450001073,2244,,large_scarce,14,instance_014.json
GA_Modified,125,250,5293.477549277136,60.023187399987364,2197,improvement_pct=0.0000,large_scarce,14,instance_014.json
MMR_Original,125,250,4909.806053728131,0.09045289998175576,125,,large_scarce,15,instance_015.json
MMR_Modified,125,250,4904.782161248689,0.18390100001124665,4,improvement_pct=0.1023,large_scarce,15,instance_015.json
GA_Original,125,250,5660.756853025043,60.028047500003595,2244,,large_scarce,15,instance_015.json
GA_Modified,125,250,4909.806053728131,60.0199460000149,2225,improvement_pct=0.0000,large_scarce,15,instance_015.json
MMR_Original,125,250,5132.800222044647,0.09126000001560897,125,,large_scarce,16,instance_016.json
MMR_Modified,125,250,5130.466405780453,0.19311419999576174,4,improvement_pct=0.0455,large_scarce,16,instance_016.json
GA_Original,125,250,5936.189016430367,60.02566369998385,2253,,large_scarce,16,instance_016.json
GA_Modified,125,250,5132.800222044647,60.00346300000092,2216,improvement_pct=0.0000,large_scarce,16,instance_016.json
MMR_Original,125,250,5309.934510960491,0.09408760000951588,125,,large_scarce,17,instance_017.json
MMR_Modified,125,250,5308.630119531454,0.1962282000167761,4,improvement_pct=0.0246,large_scarce,17,instance_017.json
GA_Original,125,250,6107.015241020874,60.00890679997974,2247,,large_scarce,17,instance_017.json
GA_Modified,125,250,5309.934510960491,60.00783099999535,2228,improvement_pct=0.0000,large_scarce,17,instance_017.json
MMR_Original,125,250,5148.413505427844,0.12923740001861006,125,,large_scarce,18,instance_018.json
MMR_Modified,125,250,5145.555599851502,0.18742630002088845,4,improvement_pct=0.0555,large_scarce,18,instance_018.json
GA_Original,125,250,5846.422176856768,60.018648800003575,2248,,large_scarce,18,instance_018.json
GA_Modified,125,250,5148.413505427844,60.02088590001222,2223,improvement_pct=0.0000,large_scarce,18,instance_018.json
MMR_Original,125,250,5417.017326335275,0.08949349998147227,125,,large_scarce,19,instance_019.json
MMR_Modified,125,250,5411.959617217748,0.18873220001114532,4,improvement_pct=0.0934,large_scarce,19,instance_019.json
GA_Original,125,250,6097.040401800093,60.01914150000084,2248,,large_scarce,19,instance_019.json
GA_Modified,125,250,5417.017326335275,60.002173699991545,2226,improvement_pct=0.0000,large_scarce,19,instance_019.json
MMR_Original,125,250,5109.440093753699,0.08946980000473559,125,,large_scarce,20,instance_020.json
MMR_Modified,125,250,5093.891353159607,0.19250830000964925,4,improvement_pct=0.3043,large_scarce,20,instance_020.json
GA_Original,125,250,5799.555551788438,60.01437029999215,2247,,large_scarce,20,instance_020.json
GA_Modified,125,250,5109.440093753699,60.027154300012626,2225,improvement_pct=0.0000,large_scarce,20,instance_020.json
MMR_Original,375,250,509.7373447270042,0.7569787999964319,375,,large_rich,1,instance_001.json
MMR_Modified,375,250,509.2436280893841,1.5464669999782927,4,improvement_pct=0.0969,large_rich,1,instance_001.json
GA_Original,375,250,1120.8614777534985,60.06710449999082,620,,large_rich,1,instance_001.json
GA_Modified,375,250,509.7373447270042,60.02043830000912,715,improvement_pct=0.0000,large_rich,1,instance_001.json
MMR_Original,375,250,552.8173313478334,0.7589990000124089,375,,large_rich,2,instance_002.json
MMR_Modified,375,250,552.0851815119928,1.5207290000107605,4,improvement_pct=0.1324,large_rich,2,instance_002.json
GA_Original,375,250,1213.5251465051763,60.03926859999774,622,,large_rich,2,instance_002.json
GA_Modified,375,250,552.8173313478334,60.0113008999906,718,improvement_pct=0.0000,large_rich,2,instance_002.json
MMR_Original,375,250,571.196044689947,0.7566124000004493,375,,large_rich,3,instance_003.json
MMR_Modified,375,250,570.012814042162,1.626171100011561,5,improvement_pct=0.2071,large_rich,3,instance_003.json
GA_Original,375,250,1173.9759362989414,60.03631460000179,622,,large_rich,3,instance_003.json
GA_Modified,375,250,570.4241339365442,60.0714566000097,721,improvement_pct=0.1351,large_rich,3,instance_003.json
MMR_Original,375,250,561.1459475168373,0.7565070999844465,375,,large_rich,4,instance_004.json
MMR_Modified,375,250,560.6876616368407,1.5521486999932677,4,improvement_pct=0.0817,large_rich,4,instance_004.json
GA_Original,375,250,1278.2045063341454,60.05562319999444,619,,large_rich,4,instance_004.json
GA_Modified,375,250,561.1459475168373,60.07349549999344,719,improvement_pct=0.0000,large_rich,4,instance_004.json
MMR_Original,375,250,573.8247481978541,0.7652447000145912,375,,large_rich,5,instance_005.json
MMR_Modified,375,250,573.5580150521862,1.5186593999969773,4,improvement_pct=0.0465,large_rich,5,instance_005.json
GA_Original,375,250,1210.246708233023,60.059604499983834,622,,large_rich,5,instance_005.json
GA_Modified,375,250,573.8247481978541,60.021213500003796,720,improvement_pct=0.0000,large_rich,5,instance_005.json
MMR_Original,375,250,538.1712472077177,0.7734626999881584,375,,large_rich,6,instance_006.json
MMR_Modified,375,250,537.9979630747113,1.534944400016684,4,improvement_pct=0.0322,large_rich,6,instance_006.json
GA_Original,375,250,1142.521932094352,60.0046325000003,621,,large_rich,6,instance_006.json
GA_Modified,375,250,538.1712472077177,60.03490469997632,719,improvement_pct=0.0000,large_rich,6,instance_006.json
MMR_Original,375,250,548.725316445465,0.7660294000233989,375,,large_rich,7,instance_007.json
MMR_Modified,375,250,548.3158784061204,1.5266791000030935,4,improvement_pct=0.0746,large_rich,7,instance_007.json
GA_Original,375,250,1247.3962649820412,60.05468689999543,618,,large_rich,7,instance_007.json
GA_Modified,375,250,548.725316445465,60.05239250001614,721,improvement_pct=0.0000,large_rich,7,instance_007.json
MMR_Original,375,250,494.64233345957746,0.7598381999996491,375,,large_rich,8,instance_008.json
MMR_Modified,375,250,493.32600346353104,1.5249082999944221,4,improvement_pct=0.2661,large_rich,8,instance_008.json
GA_Original,375,250,1121.5568309734879,60.00131380002131,621,,large_rich,8,instance_008.json
GA_Modified,375,250,494.64233345957746,60.01392210001359,718,improvement_pct=0.0000,large_rich,8,instance_008.json
MMR_Original,375,250,550.2180785426126,0.7749774999974761,375,,large_rich,9,instance_009.json
MMR_Modified,375,250,548.6463007818877,1.6460438999929465,6,improvement_pct=0.2857,large_rich,9,instance_009.json
GA_Original,375,250,1157.5022661992834,60.012582600000314,621,,large_rich,9,instance_009.json
GA_Modified,375,250,549.8084042313005,60.0241622000176,721,improvement_pct=0.0745,large_rich,9,instance_009.json
MMR_Original,375,250,545.5062455110112,0.7573313000029884,375,,large_rich,10,instance_010.json
MMR_Modified,375,250,544.9185594462189,1.6030679999967106,5,improvement_pct=0.1077,large_rich,10,instance_010.json
GA_Original,375,250,1189.78079742681,60.03780409999308,621,,large_rich,10,instance_010.json
GA_Modified,375,250,545.4809608816927,60.037658999994164,722,improvement_pct=0.0046,large_rich,10,instance_010.json
MMR_Original,375,250,555.720114596207,0.7682106999855023,375,,large_rich,11,instance_011.json
MMR_Modified,375,250,555.1882890484627,1.5215709999902174,4,improvement_pct=0.0957,large_rich,11,instance_011.json
GA_Original,375,250,1232.1237823373724,60.05919899998116,599,,large_rich,11,instance_011.json
GA_Modified,375,250,555.720114596207,60.00406989999465,874,improvement_pct=0.0000,large_rich,11,instance_011.json
MMR_Original,375,250,510.31681341445176,0.6291600000113249,375,,large_rich,12,instance_012.json
MMR_Modified,375,250,509.06608652261065,1.2920649999869056,5,improvement_pct=0.2451,large_rich,12,instance_012.json
GA_Original,375,250,1080.528740649966,60.00766939998721,756,,large_rich,12,instance_012.json
GA_Modified,375,250,509.81378033250076,60.053080800018506,878,improvement_pct=0.0986,large_rich,12,instance_012.json
MMR_Original,375,250,606.0073978216412,0.6243708000110928,375,,large_rich,13,instance_013.json
MMR_Modified,375,250,605.6115938155259,1.3167632999829948,5,improvement_pct=0.0653,large_rich,13,instance_013.json
GA_Original,375,250,1258.6516340231844,60.07671119997394,757,,large_rich,13,instance_013.json
GA_Modified,375,250,605.9675542248591,60.013676700007636,529,improvement_pct=0.0066,large_rich,13,instance_013.json
MMR_Original,375,250,556.3740057372678,0.6942377000232227,375,,large_rich,14,instance_014.json
MMR_Modified,375,250,556.0782878732525,2.097956499987049,6,improvement_pct=0.0532,large_rich,14,instance_014.json
GA_Original,375,250,1106.1912529032084,60.06011869999929,616,,large_rich,14,instance_014.json
GA_Modified,375,250,556.2004098143822,60.00114810001105,705,improvement_pct=0.0312,large_rich,14,instance_014.json
MMR_Original,375,250,554.6043010744111,0.7594971999933477,375,,large_rich,15,instance_015.json
MMR_Modified,375,250,553.4823926790081,1.598070399981225,5,improvement_pct=0.2023,large_rich,15,instance_015.json
GA_Original,375,250,1234.4399419526057,60.00025139999343,612,,large_rich,15,instance_015.json
GA_Modified,375,250,553.9781815663264,60.076430599991,711,improvement_pct=0.1129,large_rich,15,instance_015.json
MMR_Original,375,250,549.3758626308525,0.7663610000163317,375,,large_rich,16,instance_016.json
MMR_Modified,375,250,547.3422471072942,1.5298915000166744,4,improvement_pct=0.3702,large_rich,16,instance_016.json
GA_Original,375,250,1217.8356469758698,60.06597130000591,612,,large_rich,16,instance_016.json
GA_Modified,375,250,549.3758626308525,60.05443300001207,705,improvement_pct=0.0000,large_rich,16,instance_016.json
MMR_Original,375,250,523.3961637993973,0.7695345999964047,375,,large_rich,17,instance_017.json
MMR_Modified,375,250,523.2414620422484,1.5527393000083975,4,improvement_pct=0.0296,large_rich,17,instance_017.json
GA_Original,375,250,1134.6164843046256,60.009501399996225,616,,large_rich,17,instance_017.json
GA_Modified,375,250,523.3961637993973,60.04025919997366,711,improvement_pct=0.0000,large_rich,17,instance_017.json
MMR_Original,375,250,530.3103312194821,0.7638903000042774,375,,large_rich,18,instance_018.json
MMR_Modified,375,250,529.1219290455293,1.6079459000029601,5,improvement_pct=0.2241,large_rich,18,instance_018.json
GA_Original,375,250,1119.0754654294537,60.08451650000643,615,,large_rich,18,instance_018.json
GA_Modified,375,250,530.0614681625593,60.057969399989815,708,improvement_pct=0.0469,large_rich,18,instance_018.json
MMR_Original,375,250,596.648525731484,0.7717097999993712,375,,large_rich,19,instance_019.json
MMR_Modified,375,250,595.6355612315609,1.663903200009372,5,improvement_pct=0.1698,large_rich,19,instance_019.json
GA_Original,375,250,1279.0688997428415,60.058496200013906,577,,large_rich,19,instance_019.json
GA_Modified,375,250,595.8609113221816,60.04654130002018,796,improvement_pct=0.1320,large_rich,19,instance_019.json
MMR_Original,375,250,558.4947976817198,0.7843351999763399,375,,large_rich,20,instance_020.json
MMR_Modified,375,250,557.8749950265507,1.5568459000205621,4,improvement_pct=0.1110,large_rich,20,instance_020.json
GA_Original,375,250,1234.5409477899186,60.05249149998417,611,,large_rich,20,instance_020.json
GA_Modified,375,250,558.4947976817198,60.01838550000684,707,improvement_pct=0.0000,large_rich,20,instance_020.json
